,CO2,NOX,SO2,PM1,PM25,COV,TEMPERATURE,HUMIDITY
count,259200.0,259200.0,259200.0,259200.0,259200.0,259200.0,259200.0,259200.0
mean,545.7724843092766,9.973663339848699,0.009784124854402521,5.1163769963335435,17.38489726015899,257.02003782823914,17.258624615569477,29.13514844851188
std,371.2331662806989,0.36237122273283034,0.005717867547779533,2.2898618398634714,27.240235720714573,209.62205446247023,6.294993731743154,10.79649955615789
min,300.0,0.0,0.0,0.0,0.0,0.0,0.0,0.0
25%,345.7498774803439,10.0,0.006060267709138386,3.356727393087901,7.085452336998154,155.23658465771518,12.477818405404378,20.961854121284155
50%,431.08616827103697,10.0,0.009193611995956343,5.285394090475716,11.040822986270973,212.93453439381705,17.991710858174294,30.287421465392416
75%,585.1568621585559,10.0,0.011979951748119121,6.794655695070014,15.3568982997113,287.2839030013172,21.496100136106765,36.51436660551352
max,5000.0,10.0,0.11011310880927334,13.480953596777177,500.0,7300.887060354478,36.175868300210304,61.30886534405514
