{
  "global": {
    "lstm": {
      "rmse": 0.1249637253102417,
      "mae": 0.08945953845977783,
      "r2_score": 0.8459521557796104
    },
    "persistence": {
      "rmse": 0.1483049867823216,
      "mae": 0.09583579003810883,
      "r2_score": 0.7830302394783076
    },
    "skill": 0.06653309349039116,
    "lstm_wins_mae": true
  },
  "per_horizon_skill": {
    "+1h": 0.05516540297222672,
    "+2h": 0.0433850817532373,
    "+3h": 0.05285057103437929,
    "+4h": 0.10773788903249204
  },
  "per_horizon_lstm": {
    "+1h": {
      "rmse": 0.11010339141709315,
      "mae": 0.0779181718826294,
      "r2_score": 0.8805147355343382
    },
    "+2h": {
      "rmse": 0.12088168325484122,
      "mae": 0.08737899363040924,
      "r2_score": 0.8558993470229401
    },
    "+3h": {
      "rmse": 0.13192599011357428,
      "mae": 0.09632278978824615,
      "r2_score": 0.8282776284703618
    },
    "+4h": {
      "rmse": 0.13536664760356662,
      "mae": 0.09621818363666534,
      "r2_score": 0.8190532210621714
    }
  },
  "per_horizon_persistence": {
    "+1h": {
      "rmse": 0.1294530268469043,
      "mae": 0.08246752619743347,
      "r2_score": 0.8348276385443548
    },
    "+2h": {
      "rmse": 0.1423926322596278,
      "mae": 0.09134186804294586,
      "r2_score": 0.800050656829922
    },
    "+3h": {
      "rmse": 0.15582879634128483,
      "mae": 0.10169756412506104,
      "r2_score": 0.7604139053281838
    },
    "+4h": {
      "rmse": 0.16328233326091723,
      "mae": 0.10783623158931732,
      "r2_score": 0.7367272544345604
    }
  },
  "per_pollutant_skill": {
    "CO2": 0.05865520435805405,
    "NOX": 0.06072740822634126,
    "SOX": 0.14131739538546684,
    "PM25": 0.2373018995378512,
    "PM10": 0.2413868557180726,
    "COV": 0.16909810984171147,
    "TEMPERATURE": 0.0,
    "HUMIDITY": -23.822561536659236
  },
  "per_pollutant_lstm": {
    "CO2": {
      "mae": 0.09867922216653824,
      "r2_score": 0.6841111362728676
    },
    "NOX": {
      "mae": 0.0961010605096817,
      "r2_score": 0.6917445542914309
    },
    "SOX": {
      "mae": 0.10736219584941864,
      "r2_score": 0.6359348995773729
    },
    "PM25": {
      "mae": 0.11168137192726135,
      "r2_score": 0.4659652059906997
    },
    "PM10": {
      "mae": 0.11029596626758575,
      "r2_score": 0.45953589236511383
    },
    "COV": {
      "mae": 0.1160479187965393,
      "r2_score": 0.558896445850222
    },
    "TEMPERATURE": {
      "mae": 0.0003730056050699204,
      "r2_score": 0.0
    },
    "HUMIDITY": {
      "mae": 0.07513555884361267,
      "r2_score": -56.509596815991436
    }
  },
  "per_pollutant_persistence": {
    "CO2": {
      "mae": 0.10482792556285858,
      "r2_score": 0.6235906481155962
    },
    "NOX": {
      "mae": 0.10231434553861618,
      "r2_score": 0.624678814935034
    },
    "SOX": {
      "mae": 0.12503129243850708,
      "r2_score": 0.49747449081248374
    },
    "PM25": {
      "mae": 0.14642933011054993,
      "r2_score": 0.07993533465431446
    },
    "PM10": {
      "mae": 0.145391583442688,
      "r2_score": 0.06964095673960591
    },
    "COV": {
      "mae": 0.13966500759124756,
      "r2_score": 0.33278223389573813
    },
    "TEMPERATURE": {
      "mae": 0.0,
      "r2_score": 0.0
    },
    "HUMIDITY": {
      "mae": 0.0030269059352576733,
      "r2_score": -0.9730037481681295
    }
  },
  "baseline_comparison": {
    "lstm": {
      "rmse": 0.1249637253102417,
      "mae": 0.08945953845977783,
      "r2_score": 0.8459521557796104
    },
    "persistence": {
      "rmse": 0.1483049867823216,
      "mae": 0.09583579003810883,
      "r2_score": 0.7830302394783076
    },
    "delta_mae": -0.006376251578330994,
    "delta_r2": 0.06292191630130273,
    "lstm_wins_mae": true,
    "global_skill": 0.06653309349039116,
    "per_pollutant_lstm": {
      "CO2": {
        "mae": 0.09867922216653824,
        "r2_score": 0.6841111362728676
      },
      "NOX": {
        "mae": 0.0961010605096817,
        "r2_score": 0.6917445542914309
      },
      "SOX": {
        "mae": 0.10736219584941864,
        "r2_score": 0.6359348995773729
      },
      "PM25": {
        "mae": 0.11168137192726135,
        "r2_score": 0.4659652059906997
      },
      "PM10": {
        "mae": 0.11029596626758575,
        "r2_score": 0.45953589236511383
      },
      "COV": {
        "mae": 0.1160479187965393,
        "r2_score": 0.558896445850222
      },
      "TEMPERATURE": {
        "mae": 0.0003730056050699204,
        "r2_score": 0.0
      },
      "HUMIDITY": {
        "mae": 0.07513555884361267,
        "r2_score": -56.509596815991436
      }
    },
    "per_pollutant_persistence": {
      "CO2": {
        "mae": 0.10482792556285858,
        "r2_score": 0.6235906481155962
      },
      "NOX": {
        "mae": 0.10231434553861618,
        "r2_score": 0.624678814935034
      },
      "SOX": {
        "mae": 0.12503129243850708,
        "r2_score": 0.49747449081248374
      },
      "PM25": {
        "mae": 0.14642933011054993,
        "r2_score": 0.07993533465431446
      },
      "PM10": {
        "mae": 0.145391583442688,
        "r2_score": 0.06964095673960591
      },
      "COV": {
        "mae": 0.13966500759124756,
        "r2_score": 0.33278223389573813
      },
      "TEMPERATURE": {
        "mae": 0.0,
        "r2_score": 0.0
      },
      "HUMIDITY": {
        "mae": 0.0030269059352576733,
        "r2_score": -0.9730037481681295
      }
    },
    "per_pollutant_skill": {
      "CO2": 0.05865520435805405,
      "NOX": 0.06072740822634126,
      "SOX": 0.14131739538546684,
      "PM25": 0.2373018995378512,
      "PM10": 0.2413868557180726,
      "COV": 0.16909810984171147,
      "TEMPERATURE": 0.0,
      "HUMIDITY": -23.822561536659236
    },
    "per_horizon_lstm": {
      "+1h": {
        "rmse": 0.11010339141709315,
        "mae": 0.0779181718826294,
        "r2_score": 0.8805147355343382
      },
      "+2h": {
        "rmse": 0.12088168325484122,
        "mae": 0.08737899363040924,
        "r2_score": 0.8558993470229401
      },
      "+3h": {
        "rmse": 0.13192599011357428,
        "mae": 0.09632278978824615,
        "r2_score": 0.8282776284703618
      },
      "+4h": {
        "rmse": 0.13536664760356662,
        "mae": 0.09621818363666534,
        "r2_score": 0.8190532210621714
      }
    },
    "per_horizon_persistence": {
      "+1h": {
        "rmse": 0.1294530268469043,
        "mae": 0.08246752619743347,
        "r2_score": 0.8348276385443548
      },
      "+2h": {
        "rmse": 0.1423926322596278,
        "mae": 0.09134186804294586,
        "r2_score": 0.800050656829922
      },
      "+3h": {
        "rmse": 0.15582879634128483,
        "mae": 0.10169756412506104,
        "r2_score": 0.7604139053281838
      },
      "+4h": {
        "rmse": 0.16328233326091723,
        "mae": 0.10783623158931732,
        "r2_score": 0.7367272544345604
      }
    },
    "per_horizon_skill": {
      "+1h": 0.05516540297222672,
      "+2h": 0.0433850817532373,
      "+3h": 0.05285057103437929,
      "+4h": 0.10773788903249204
    }
  },
  "per_site": {
    "site_broyage": {
      "n_samples": 317,
      "global_skill": 0.06599107921305014,
      "lstm_mae": 0.08261024951934814,
      "persistence_mae": 0.0884469598531723,
      "per_pollutant_skill": {
        "CO2": 0.06298374089191194,
        "NOX": 0.11635373373513358,
        "SOX": 0.13988986384586766,
        "PM25": 0.24416304399036415,
        "PM10": 0.2644551336628027,
        "COV": 0.1632661396259315,
        "TEMPERATURE": 0.0,
        "HUMIDITY": -20.90677444142227
      }
    },
    "site_expedition": {
      "n_samples": 317,
      "global_skill": -0.027385216946936408,
      "lstm_mae": 0.06337614357471466,
      "persistence_mae": 0.061686836183071136,
      "per_pollutant_skill": {
        "CO2": -0.004925081089285577,
        "NOX": -0.019787951703340134,
        "SOX": 0.08589130816820867,
        "PM25": 0.24624427830786266,
        "PM10": 0.2624992097005514,