{
  "loss": [
    0.007665450684726238,
    0.004791859537363052,
    0.004514206200838089,
    0.0043879165314137936,
    0.004329325631260872,
    0.004207997117191553,
    0.004177509807050228,
    0.004078958183526993,
    0.004074584227055311,
    0.004035211633890867,
    0.004010012373328209,
    0.003954580053687096,
    0.003888688050210476,
    0.003897661343216896,
    0.0038605425506830215,
    0.0038621523417532444,
    0.0038079333025962114,
    0.003830085275694728,
    0.0038208027835935354,
    0.003792211413383484,
    0.003774018259719014,
    0.003769970964640379,
    0.0037857997231185436,
    0.0037347027100622654,
    0.003732676152139902,
    0.0037357190158218145,
    0.0037672650068998337,
    0.003704897128045559,
    0.0037341087590903044,
    0.003720716806128621,
    0.0037364219315350056,
    0.0037492697592824697,
    0.0036760293878614902,
    0.0036724249366670847,
    0.0037299899850040674,
    0.003670527832582593,
    0.003701315028592944,
    0.003709101350978017,
    0.003703237045556307,
    0.003681834088638425,
    0.0037159575149416924,
    0.003687541466206312,
    0.003713773563504219,
    0.0037015555426478386,
    0.0037135733291506767,
    0.0036814631894230843,
    0.003693732200190425,
    0.003691628808155656,
    0.0036867442540824413,
    0.003698658663779497,
    0.0036886667367070913,
    0.00370937236584723,
    0.003678511828184128,
    0.0036985597107559443
  ],
  "mae": [
    0.1953437477350235,
    0.1217205598950386,
    0.1147257536649704,
    0.11200939118862152,
    0.11065264791250229,
    0.10819266736507416,
    0.10742055624723434,
    0.10551385581493378,
    0.10530877858400345,
    0.10460822284221649,
    0.10412367433309555,
    0.10287406295537949,
    0.10153588652610779,
    0.10173977166414261,
    0.10096685588359833,
    0.10101699084043503,
    0.09992554783821106,
    0.10034447908401489,
    0.1001744493842125,
    0.09966621547937393,
    0.09916310012340546,
    0.09917019307613373,
    0.09943770617246628,
    0.0984286442399025,
    0.09831247478723526,
    0.09849435091018677,
    0.09907347708940506,
    0.09768694639205933,
    0.09837572276592255,
    0.09809298813343048,
    0.09840012341737747,
    0.09865613281726837,
    0.09722824394702911,
    0.09714905917644501,
    0.09837309271097183,
    0.09709218889474869,
    0.09775004535913467,
    0.09787078201770782,
    0.09778215736150742,
    0.09736138582229614,
    0.09807778894901276,
    0.0973866805434227,
    0.09799566119909286,
    0.09777563065290451,
    0.09789472073316574,
    0.09739528596401215,
    0.09748965501785278,
    0.09748663753271103,
    0.09736860543489456,
    0.09765458852052689,
    0.09748848527669907,
    0.09784960746765137,
    0.09728635847568512,
    0.0975983515381813
  ],
  "val_loss": [
    0.010855259373784065,
    0.007284410763531923,
    0.0045471941120922565,
    0.004120915662497282,
    0.003858851967379451,
    0.003982712049037218,
    0.0036395404022186995,
    0.0035986145958304405,
    0.0037153575103729963,
    0.004391814116388559,
    0.004029660485684872,
    0.0035856892354786396,
    0.0037300449330359697,
    0.004400572273880243,
    0.0051049659959971905,
    0.0038120218086987734,
    0.003571166191250086,
    0.0038263932801783085,
    0.0035318774171173573,
    0.0036890110932290554,
    0.003822589060291648,
    0.0034981616772711277,
    0.005723359528928995,
    0.0038180863484740257,
    0.003882006974890828,
    0.003974949475377798,
    0.003652432467788458,
    0.0034222539979964495,
    0.003428623080253601,
    0.003528084373101592,
    0.003428797936066985,
    0.0034164050593972206,
    0.0035626552999019623,
    0.0035118544474244118,
    0.003476399928331375,
    0.0034109300468117,
    0.0034416918642818928,
    0.0034127284307032824,
    0.0034667036961764097,
    0.0034062196500599384,
    0.0034260416869074106,
    0.003431896911934018,
    0.0034836078993976116,
    0.003398904809728265,
    0.0034158374182879925,
    0.0034113724250346422,
    0.003418070264160633,
    0.00340823782607913,
    0.003411822021007538,
    0.0034788111224770546,
    0.003400979097932577,
    0.003401445224881172,
    0.003428323194384575,
    0.003584146499633789
  ],
  "val_mae": [
    0.23876111209392548,
    0.16988696157932281,
    0.11672743409872055,
    0.10871138423681259,
    0.10285425186157227,
    0.10202913731336594,
    0.0963626578450203,
    0.09628583490848541,
    0.09878522157669067,
    0.11151273548603058,
    0.10544012486934662,
    0.09639421105384827,
    0.0985981896519661,
    0.1135023757815361,
    0.12877607345581055,
    0.10138421505689621,
    0.0942259132862091,
    0.10106397420167923,
    0.09514245390892029,
    0.09848865121603012,
    0.10128974169492722,
    0.0935300663113594,
    0.13433071970939636,
    0.10140849649906158,
    0.09977304935455322,
    0.10108616948127747,
    0.09571241587400436,
    0.09189321845769882,
    0.09192558377981186,
    0.09349532425403595,
    0.09199445694684982,
    0.09146371483802795,
    0.09382180869579315,
    0.09313075244426727,
    0.09343349188566208,
    0.09143617004156113,
    0.09182848036289215,
    0.09162761270999908,
    0.09215723723173141,
    0.09148892015218735,
    0.09159709513187408,
    0.09171503782272339,
    0.09252073615789413,
    0.09121944010257721,
    0.0914226695895195,
    0.09140879660844803,
    0.09141087532043457,
    0.09153714030981064,
    0.09128592163324356,
    0.09243471175432205,
    0.09127163141965866,
    0.09137295931577682,
    0.09154870361089706,
    0.09428022801876068
  ],
  "val_skill": [
    -1.3026333289717922,
    -0.6384046703986226,
    -0.12572368709887027,
    -0.04736396572302892,
    0.010947180874404938,
    0.08848819714510903,
    0.10739271165635889,
    0.08259048814699099,
    0.062458778226697986,
    -0.07539825649009169,
    -0.016198131521518944,
    0.07263324059130427,
    0.050233313709990846,
    -0.09460470174136137,
    -0.24188424613491644,
    0.022935814425118384,
    0.13356820986902518,
    0.026910493343476283,
    0.087285288406729,
    0.05214520641119247,
    0.02396318370660433,
    0.11749769114957076,
    -0.1430889440392713,
    0.023293432057930996,
    0.10535421210986573,
    0.10594657694107079,
    0.12572519603402976,
    0.1303216280921764,
    0.1334301782289542,
    0.13529148567528337,
    0.12855193456624836,
    0.14574043053081676,
    0.143245442171533,
    0.13895776698865192,
    0.10702625597475446,
    0.13976174201246971,
    0.14416689857562992,
    0.1325357389496188,
    0.1481237576882941,
    0.13509367146127216,
    0.1442319264956008,
    0.14310238074759685,
    0.1437064577898023,
    0.13992204840965783,
    0.14238736104413718,
    0.13915191664584692,
    0.1454122012065877,
    0.1340636435797432,
    0.1463203646104695,
    0.14429630772907487,
    0.13875758159081863,
    0.1353070780052653,
    0.14627272537186087,
    0.13688319670644
  ],