{
  "test": {
    "rmse": 0.1249637253102417,
    "mae": 0.08945953845977783,
    "r2_score": 0.8459521557796104
  },
  "persistence": {
    "rmse": 0.1483049867823216,
    "mae": 0.09583579003810883,
    "r2_score": 0.7830302394783076
  },
  "global_skill": 0.06653309349039116,
  "per_pollutant_skill": {
    "CO2": 0.05865520435805405,
    "NOX": 0.06072740822634126,
    "SOX": 0.14131739538546684,
    "PM25": 0.2373018995378512,
    "PM10": 0.2413868557180726,
    "COV": 0.16909810984171147,
    "TEMPERATURE": 0.0,
    "HUMIDITY": -23.822561536659236
  },
  "dataset": "industrial_hybrid_tunisian"
}